"contrast","A","B","rho","method","R2","p","PERMDISP_p"
1,"2.7.7","2.3.2",0,"MMD",0.050854707526156,0.604,0.943
1,"2.7.7","2.3.2",0,"Bray-Curtis (repdist MCL bins)",0.0552742585366209,0.295,0.096
1,"2.7.7","2.3.2",0,"Bray-Curtis (MMseqs2 bins)",0.053477793971984,0.304,0.325
1,"2.7.7","2.3.2",0,"Bray-Curtis (protein)",0.0529056937054839,0.336,0.376
1,"2.7.7","2.3.2",0,"Bray-Curtis (MMseqs2 30% bins)",0.0536908613537867,0.305,0.197
1,"2.7.7","2.3.2",0.01,"MMD",0.0731209170696902,0.006,0.76
1,"2.7.7","2.3.2",0.01,"Bray-Curtis (repdist MCL bins)",0.0562376372763231,0.277,0.206
1,"2.7.7","2.3.2",0.01,"Bray-Curtis (MMseqs2 bins)",0.0536814906680374,0.293,0.47
1,"2.7.7","2.3.2",0.01,"Bray-Curtis (protein)",0.0543480089517417,0.261,0.495
1,"2.7.7","2.3.2",0.01,"Bray-Curtis (MMseqs2 30% bins)",0.055925263925358,0.242,0.265
1,"2.7.7","2.3.2",0.02,"MMD",0.114523477010617,0.001,0.704
1,"2.7.7","2.3.2",0.02,"Bray-Curtis (repdist MCL bins)",0.0610285055487938,0.207,0.22
1,"2.7.7","2.3.2",0.02,"Bray-Curtis (MMseqs2 bins)",0.0544906795919657,0.263,0.487
1,"2.7.7","2.3.2",0.02,"Bray-Curtis (protein)",0.0552117774428805,0.222,0.549
1,"2.7.7","2.3.2",0.02,"Bray-Curtis (MMseqs2 30% bins)",0.0568341943584594,0.22,0.314
1,"2.7.7","2.3.2",0.05,"MMD",0.151085821145044,0.001,0.391
1,"2.7.7","2.3.2",0.05,"Bray-Curtis (repdist MCL bins)",0.0679931088265487,0.144,0.187
1,"2.7.7","2.3.2",0.05,"Bray-Curtis (MMseqs2 bins)",0.0528685638098814,0.334,0.292
1,"2.7.7","2.3.2",0.05,"Bray-Curtis (protein)",0.053304877367946,0.31,0.317
1,"2.7.7","2.3.2",0.05,"Bray-Curtis (MMseqs2 30% bins)",0.0555050791273772,0.242,0.206
1,"2.7.7","2.3.2",0.1,"MMD",0.141875433652602,0.001,0.353
1,"2.7.7","2.3.2",0.1,"Bray-Curtis (repdist MCL bins)",0.0722991071018472,0.094,0.488
1,"2.7.7","2.3.2",0.1,"Bray-Curtis (MMseqs2 bins)",0.0532766855835821,0.308,0.822
1,"2.7.7","2.3.2",0.1,"Bray-Curtis (protein)",0.0535400039009991,0.288,0.867
1,"2.7.7","2.3.2",0.1,"Bray-Curtis (MMseqs2 30% bins)",0.0543588154857321,0.279,0.581
2,"1.1.1","6.2.1",0,"MMD",0.0581847756738422,0.201,0.782
2,"1.1.1","6.2.1",0,"Bray-Curtis (repdist MCL bins)",0.0400312546843727,0.769,0.638
2,"1.1.1","6.2.1",0,"Bray-Curtis (MMseqs2 bins)",0.048561488252616,0.692,0.649
2,"1.1.1","6.2.1",0,"Bray-Curtis (protein)",0.048937225516923,0.693,0.646
2,"1.1.1","6.2.1",0,"Bray-Curtis (MMseqs2 30% bins)",0.0458796034309095,0.729,0.612
2,"1.1.1","6.2.1",0.01,"MMD",0.0999522312694978,0.001,0.384
2,"1.1.1","6.2.1",0.01,"Bray-Curtis (repdist MCL bins)",0.0458404739994231,0.487,0.819
2,"1.1.1","6.2.1",0.01,"Bray-Curtis (MMseqs2 bins)",0.0488013069633817,0.63,0.94
2,"1.1.1","6.2.1",0.01,"Bray-Curtis (protein)",0.049067399412199,0.643,0.939
2,"1.1.1","6.2.1",0.01,"Bray-Curtis (MMseqs2 30% bins)",0.0463711196420522,0.661,0.851
2,"1.1.1","6.2.1",0.02,"MMD",0.204663760000586,0.001,0.365
2,"1.1.1","6.2.1",0.02,"Bray-Curtis (repdist MCL bins)",0.054564902192633,0.312,0.815
2,"1.1.1","6.2.1",0.02,"Bray-Curtis (MMseqs2 bins)",0.0476317957873189,0.837,0.709
2,"1.1.1","6.2.1",0.02,"Bray-Curtis (protein)",0.0478040738327537,0.873,0.696
2,"1.1.1","6.2.1",0.02,"Bray-Curtis (MMseqs2 30% bins)",0.0476816625083986,0.576,0.598
2,"1.1.1","6.2.1",0.05,"MMD",0.299891282160075,0.001,0.229
2,"1.1.1","6.2.1",0.05,"Bray-Curtis (repdist MCL bins)",0.0900188440965952,0.048,0.598
2,"1.1.1","6.2.1",0.05,"Bray-Curtis (MMseqs2 bins)",0.0484818415953949,0.756,0.956
2,"1.1.1","6.2.1",0.05,"Bray-Curtis (protein)",0.0490186122676081,0.718,0.964
2,"1.1.1","6.2.1",0.05,"Bray-Curtis (MMseqs2 30% bins)",0.0523972162235713,0.364,0.938
2,"1.1.1","6.2.1",0.1,"MMD",0.358703838344867,0.001,0.666
2,"1.1.1","6.2.1",0.1,"Bray-Curtis (repdist MCL bins)",0.13852178281486,0.001,0.356
2,"1.1.1","6.2.1",0.1,"Bray-Curtis (MMseqs2 bins)",0.0486796994107617,0.871,0.498
2,"1.1.1","6.2.1",0.1,"Bray-Curtis (protein)",0.0494331534337801,0.816,0.484
2,"1.1.1","6.2.1",0.1,"Bray-Curtis (MMseqs2 30% bins)",0.0618436155215519,0.121,0.598
3,"1.5.1","2.8.3",0,"MMD",0.0488331361305881,0.73,0.229
3,"1.5.1","2.8.3",0,"Bray-Curtis (repdist MCL bins)",0.0519414887730121,0.336,0.644
3,"1.5.1","2.8.3",0,"Bray-Curtis (MMseqs2 bins)",0.0536714114424141,0.309,0.536
3,"1.5.1","2.8.3",0,"Bray-Curtis (protein)",0.0528841331112199,0.326,0.49
3,"1.5.1","2.8.3",0,"Bray-Curtis (MMseqs2 30% bins)",0.0536586735219653,0.313,0.595
3,"1.5.1","2.8.3",0.01,"MMD",0.0994389195357625,0.001,0.067
3,"1.5.1","2.8.3",0.01,"Bray-Curtis (repdist MCL bins)",0.0579936216365169,0.27,0.588
3,"1.5.1","2.8.3",0.01,"Bray-Curtis (MMseqs2 bins)",0.0540722366842683,0.298,0.493
3,"1.5.1","2.8.3",0.01,"Bray-Curtis (protein)",0.0543541038524772,0.286,0.488
3,"1.5.1","2.8.3",0.01,"Bray-Curtis (MMseqs2 30% bins)",0.0547670319865398,0.295,0.597
3,"1.5.1","2.8.3",0.02,"MMD",0.133947412535488,0.001,0.018
3,"1.5.1","2.8.3",0.02,"Bray-Curtis (repdist MCL bins)",0.0623051110239164,0.232,0.578
3,"1.5.1","2.8.3",0.02,"Bray-Curtis (MMseqs2 bins)",0.0525836557832825,0.331,0.476
3,"1.5.1","2.8.3",0.02,"Bray-Curtis (protein)",0.0523534591987245,0.336,0.457
3,"1.5.1","2.8.3",0.02,"Bray-Curtis (MMseqs2 30% bins)",0.0562855438249462,0.275,0.612
3,"1.5.1","2.8.3",0.05,"MMD",0.191835604817319,0.001,0.007
3,"1.5.1","2.8.3",0.05,"Bray-Curtis (repdist MCL bins)",0.0850736440646524,0.099,0.393
3,"1.5.1","2.8.3",0.05,"Bray-Curtis (MMseqs2 bins)",0.0551664561282926,0.261,0.516
3,"1.5.1","2.8.3",0.05,"Bray-Curtis (protein)",0.0550871763877622,0.251,0.467
3,"1.5.1","2.8.3",0.05,"Bray-Curtis (MMseqs2 30% bins)",0.0629599517365247,0.169,0.555
3,"1.5.1","2.8.3",0.1,"MMD",0.249574131507382,0.001,0.012
3,"1.5.1","2.8.3",0.1,"Bray-Curtis (repdist MCL bins)",0.120844751154734,0.024,0.209
3,"1.5.1","2.8.3",0.1,"Bray-Curtis (MMseqs2 bins)",0.0551121715674566,0.244,0.43
3,"1.5.1","2.8.3",0.1,"Bray-Curtis (protein)",0.0549484909592137,0.244,0.409
3,"1.5.1","2.8.3",0.1,"Bray-Curtis (MMseqs2 30% bins)",0.0754367740626442,0.074,0.565
4,"5.1.3","5.4.99",0,"MMD",0.0450552061037872,0.892,0.118
4,"5.1.3","5.4.99",0,"Bray-Curtis (repdist MCL bins)",0.0979129822271581,0.077,0.524
4,"5.1.3","5.4.99",0,"Bray-Curtis (MMseqs2 bins)",0.0734393483946198,0.079,0.915
4,"5.1.3","5.4.99",0,"Bray-Curtis (protein)",0.0712296316144473,0.08,0.969
4,"5.1.3","5.4.99",0,"Bray-Curtis (MMseqs2 30% bins)",0.081898047251211,0.08,0.697
4,"5.1.3","5.4.99",0.01,"MMD",0.0701494407608832,0.017,0.738
4,"5.1.3","5.4.99",0.01,"Bray-Curtis (repdist MCL bins)",0.10227906135983,0.062,0.419
4,"5.1.3","5.4.99",0.01,"Bray-Curtis (MMseqs2 bins)",0.0734466737239275,0.075,0.799
4,"5.1.3","5.4.99",0.01,"Bray-Curtis (protein)",0.0712485489744689,0.077,0.853
4,"5.1.3","5.4.99",0.01,"Bray-Curtis (MMseqs2 30% bins)",0.0828880621050993,0.072,0.584
4,"5.1.3","5.4.99",0.02,"MMD",0.0673729797154471,0.055,0.81
4,"5.1.3","5.4.99",0.02,"Bray-Curtis (repdist MCL bins)",0.09845946784799,0.069,0.363
4,"5.1.3","5.4.99",0.02,"Bray-Curtis (MMseqs2 bins)",0.0696902278020014,0.095,0.772
4,"5.1.3","5.4.99",0.02,"Bray-Curtis (protein)",0.0680700242773226,0.098,0.836
4,"5.1.3","5.4.99",0.02,"Bray-Curtis (MMseqs2 30% bins)",0.0804507140871454,0.081,0.541
4,"5.1.3","5.4.99",0.05,"MMD",0.11755119986383,0.001,0.999
4,"5.1.3","5.4.99",0.05,"Bray-Curtis (repdist MCL bins)",0.10596942349356,0.041,0.56
4,"5.1.3","5.4.99",0.05,"Bray-Curtis (MMseqs2 bins)",0.0725562908975901,0.066,0.966
4,"5.1.3","5.4.99",0.05,"Bray-Curtis (protein)",0.0710823150339067,0.064,0.895
4,"5.1.3","5.4.99",0.05,"Bray-Curtis (MMseqs2 30% bins)",0.0845648152479491,0.058,0.795
4,"5.1.3","5.4.99",0.1,"MMD",0.131804244043214,0.002,0.428
4,"5.1.3","5.4.99",0.1,"Bray-Curtis (repdist MCL bins)",0.096039494776161,0.043,0.46
4,"5.1.3","5.4.99",0.1,"Bray-Curtis (MMseqs2 bins)",0.0666123198546762,0.082,0.653
4,"5.1.3","5.4.99",0.1,"Bray-Curtis (protein)",0.0653811641053675,0.085,0.728
4,"5.1.3","5.4.99",0.1,"Bray-Curtis (MMseqs2 30% bins)",0.0756379506700652,0.068,0.539
5,"1.14.15","1.13.11",0,"MMD",0.0480324226683307,0.768,0.822
5,"1.14.15","1.13.11",0,"Bray-Curtis (repdist MCL bins)",0.0401439890641666,0.586,0.092
5,"1.14.15","1.13.11",0,"Bray-Curtis (MMseqs2 bins)",0.044890656934995,0.872,0.139
5,"1.14.15","1.13.11",0,"Bray-Curtis (protein)",0.0457754064917872,0.839,0.151
5,"1.14.15","1.13.11",0,"Bray-Curtis (MMseqs2 30% bins)",0.0434935133247177,0.697,0.099
5,"1.14.15","1.13.11",0.01,"MMD",0.102930560817476,0.001,0.094
5,"1.14.15","1.13.11",0.01,"Bray-Curtis (repdist MCL bins)",0.0434066912026258,0.502,0.127
5,"1.14.15","1.13.11",0.01,"Bray-Curtis (MMseqs2 bins)",0.0448964483617694,0.866,0.166
5,"1.14.15","1.13.11",0.01,"Bray-Curtis (protein)",0.0447715805676303,0.939,0.174
5,"1.14.15","1.13.11",0.01,"Bray-Curtis (MMseqs2 30% bins)",0.0471595335640785,0.503,0.137
5,"1.14.15","1.13.11",0.02,"MMD",0.243128082602674,0.001,0.168
5,"1.14.15","1.13.11",0.02,"Bray-Curtis (repdist MCL bins)",0.0615589352687239,0.235,0.128
5,"1.14.15","1.13.11",0.02,"Bray-Curtis (MMseqs2 bins)",0.0447070760744512,0.912,0.097
5,"1.14.15","1.13.11",0.02,"Bray-Curtis (protein)",0.0453514995531593,0.916,0.105
5,"1.14.15","1.13.11",0.02,"Bray-Curtis (MMseqs2 30% bins)",0.0520578441967319,0.334,0.115
5,"1.14.15","1.13.11",0.05,"MMD",0.218735603859163,0.001,0.001
5,"1.14.15","1.13.11",0.05,"Bray-Curtis (repdist MCL bins)",0.0778126457335828,0.095,0.365
5,"1.14.15","1.13.11",0.05,"Bray-Curtis (MMseqs2 bins)",0.0471132957714968,0.766,0.162
5,"1.14.15","1.13.11",0.05,"Bray-Curtis (protein)",0.0473540610420814,0.792,0.163
5,"1.14.15","1.13.11",0.05,"Bray-Curtis (MMseqs2 30% bins)",0.0602833863044044,0.189,0.238
5,"1.14.15","1.13.11",0.1,"MMD",0.250103737251872,0.001,0.21
5,"1.14.15","1.13.11",0.1,"Bray-Curtis (repdist MCL bins)",0.110356903843564,0.014,0.52
5,"1.14.15","1.13.11",0.1,"Bray-Curtis (MMseqs2 bins)",0.0503364803088272,0.454,0.116
5,"1.14.15","1.13.11",0.1,"Bray-Curtis (protein)",0.0507123739921669,0.441,0.113
5,"1.14.15","1.13.11",0.1,"Bray-Curtis (MMseqs2 30% bins)",0.0740447969646795,0.059,0.236
6,"2.4.2","2.3.3",0,"MMD",0.0602407181929089,0.116,0.543
6,"2.4.2","2.3.3",0,"Bray-Curtis (repdist MCL bins)",0.0391378506781419,0.794,0.037
6,"2.4.2","2.3.3",0,"Bray-Curtis (MMseqs2 bins)",0.04685371836888,0.876,0.128
6,"2.4.2","2.3.3",0,"Bray-Curtis (protein)",0.0475214629670808,0.863,0.161
6,"2.4.2","2.3.3",0,"Bray-Curtis (MMseqs2 30% bins)",0.0446554502826944,0.813,0.052
6,"2.4.2","2.3.3",0.01,"MMD",0.0762153230045333,0.001,0.017
6,"2.4.2","2.3.3",0.01,"Bray-Curtis (repdist MCL bins)",0.0476355272714286,0.445,0.021
6,"2.4.2","2.3.3",0.01,"Bray-Curtis (MMseqs2 bins)",0.049507096214829,0.548,0.127
6,"2.4.2","2.3.3",0.01,"Bray-Curtis (protein)",0.0500734717084948,0.527,0.166
6,"2.4.2","2.3.3",0.01,"Bray-Curtis (MMseqs2 30% bins)",0.0487191480373962,0.493,0.057
6,"2.4.2","2.3.3",0.02,"MMD",0.14996324383673,0.001,0.021
6,"2.4.2","2.3.3",0.02,"Bray-Curtis (repdist MCL bins)",0.0501138508803236,0.382,0.013
6,"2.4.2","2.3.3",0.02,"Bray-Curtis (MMseqs2 bins)",0.0470372584324794,0.855,0.088
6,"2.4.2","2.3.3",0.02,"Bray-Curtis (protein)",0.0471441445906048,0.903,0.131
6,"2.4.2","2.3.3",0.02,"Bray-Curtis (MMseqs2 30% bins)",0.0457407558319084,0.737,0.039
6,"2.4.2","2.3.3",0.05,"MMD",0.154738512480032,0.001,0.012
6,"2.4.2","2.3.3",0.05,"Bray-Curtis (repdist MCL bins)",0.0605137894308097,0.213,0.005
6,"2.4.2","2.3.3",0.05,"Bray-Curtis (MMseqs2 bins)",0.0486531731589594,0.674,0.108
6,"2.4.2","2.3.3",0.05,"Bray-Curtis (protein)",0.0490915420635717,0.678,0.113
6,"2.4.2","2.3.3",0.05,"Bray-Curtis (MMseqs2 30% bins)",0.0491518136827062,0.505,0.025
6,"2.4.2","2.3.3",0.1,"MMD",0.23344958536023,0.001,0.458
6,"2.4.2","2.3.3",0.1,"Bray-Curtis (repdist MCL bins)",0.111589509261815,0.008,0.005
6,"2.4.2","2.3.3",0.1,"Bray-Curtis (MMseqs2 bins)",0.0502925838137521,0.537,0.47
6,"2.4.2","2.3.3",0.1,"Bray-Curtis (protein)",0.0505833569590689,0.54,0.502
6,"2.4.2","2.3.3",0.1,"Bray-Curtis (MMseqs2 30% bins)",0.0560267493457483,0.245,0.147
7,"4.2.1","1.4.1",0,"MMD",0.0517814890121634,0.51,0.719
7,"4.2.1","1.4.1",0,"Bray-Curtis (repdist MCL bins)",0.0606967410329099,0.241,0.268
7,"4.2.1","1.4.1",0,"Bray-Curtis (MMseqs2 bins)",0.0559543082013745,0.239,0.165
7,"4.2.1","1.4.1",0,"Bray-Curtis (protein)",0.0556717685999124,0.233,0.151
7,"4.2.1","1.4.1",0,"Bray-Curtis (MMseqs2 30% bins)",0.0567060250601048,0.254,0.188
7,"4.2.1","1.4.1",0.01,"MMD",0.0891514415555447,0.001,0.367
7,"4.2.1","1.4.1",0.01,"Bray-Curtis (repdist MCL bins)",0.061926611252248,0.227,0.227
7,"4.2.1","1.4.1",0.01,"Bray-Curtis (MMseqs2 bins)",0.0561812729582324,0.232,0.13
7,"4.2.1","1.4.1",0.01,"Bray-Curtis (protein)",0.055876525445361,0.23,0.101
7,"4.2.1","1.4.1",0.01,"Bray-Curtis (MMseqs2 30% bins)",0.0598170490749589,0.206,0.175
7,"4.2.1","1.4.1",0.02,"MMD",0.138141931960628,0.001,0.254
7,"4.2.1","1.4.1",0.02,"Bray-Curtis (repdist MCL bins)",0.0622673765452983,0.22,0.243
7,"4.2.1","1.4.1",0.02,"Bray-Curtis (MMseqs2 bins)",0.0538300801085284,0.306,0.178
7,"4.2.1","1.4.1",0.02,"Bray-Curtis (protein)",0.053522439092204,0.316,0.174
7,"4.2.1","1.4.1",0.02,"Bray-Curtis (MMseqs2 30% bins)",0.0556532331222287,0.266,0.156
7,"4.2.1","1.4.1",0.05,"MMD",0.224425911573612,0.001,0.004
7,"4.2.1","1.4.1",0.05,"Bray-Curtis (repdist MCL bins)",0.0763807952840434,0.101,0.092
7,"4.2.1","1.4.1",0.05,"Bray-Curtis (MMseqs2 bins)",0.0559078139696032,0.218,0.162
7,"4.2.1","1.4.1",0.05,"Bray-Curtis (protein)",0.0560670069952211,0.206,0.157
7,"4.2.1","1.4.1",0.05,"Bray-Curtis (MMseqs2 30% bins)",0.0629852908366056,0.136,0.118
7,"4.2.1","1.4.1",0.1,"MMD",0.199764531393624,0.001,0.02
7,"4.2.1","1.4.1",0.1,"Bray-Curtis (repdist MCL bins)",0.0828952158323624,0.052,0.1
7,"4.2.1","1.4.1",0.1,"Bray-Curtis (MMseqs2 bins)",0.055471612840531,0.225,0.224
7,"4.2.1","1.4.1",0.1,"Bray-Curtis (protein)",0.0547619236268612,0.24,0.225
7,"4.2.1","1.4.1",0.1,"Bray-Curtis (MMseqs2 30% bins)",0.0649321927177427,0.098,0.136
8,"4.4.1","2.7.13",0,"MMD",0.0450043068505974,0.898,0.557
8,"4.4.1","2.7.13",0,"Bray-Curtis (repdist MCL bins)",0.0392014120420041,0.814,0.949
8,"4.4.1","2.7.13",0,"Bray-Curtis (MMseqs2 bins)",0.0483563273114933,0.735,1
8,"4.4.1","2.7.13",0,"Bray-Curtis (protein)",0.0485105676378819,0.754,0.989
8,"4.4.1","2.7.13",0,"Bray-Curtis (MMseqs2 30% bins)",0.0454156555631535,0.769,0.984
8,"4.4.1","2.7.13",0.01,"MMD",0.0894145395822698,0.001,0.718
8,"4.4.1","2.7.13",0.01,"Bray-Curtis (repdist MCL bins)",0.0351222256775791,0.995,0.971
8,"4.4.1","2.7.13",0.01,"Bray-Curtis (MMseqs2 bins)",0.0452319523197824,0.993,0.992
8,"4.4.1","2.7.13",0.01,"Bray-Curtis (protein)",0.0457545932687529,0.994,0.989
8,"4.4.1","2.7.13",0.01,"Bray-Curtis (MMseqs2 30% bins)",0.042556278693298,0.983,0.969
8,"4.4.1","2.7.13",0.02,"MMD",0.1389629750682,0.001,0.328
8,"4.4.1","2.7.13",0.02,"Bray-Curtis (repdist MCL bins)",0.0417147231562842,0.709,0.803
8,"4.4.1","2.7.13",0.02,"Bray-Curtis (MMseqs2 bins)",0.0476967471242947,0.841,0.933
8,"4.4.1","2.7.13",0.02,"Bray-Curtis (protein)",0.0477048351482528,0.893,0.885
8,"4.4.1","2.7.13",0.02,"Bray-Curtis (MMseqs2 30% bins)",0.0459931587752121,0.753,0.857
8,"4.4.1","2.7.13",0.05,"MMD",0.194298503003843,0.001,0.602
8,"4.4.1","2.7.13",0.05,"Bray-Curtis (repdist MCL bins)",0.042975221620702,0.676,0.962
8,"4.4.1","2.7.13",0.05,"Bray-Curtis (MMseqs2 bins)",0.0479037719626223,0.814,0.897
8,"4.4.1","2.7.13",0.05,"Bray-Curtis (protein)",0.0484264534126946,0.796,0.886
8,"4.4.1","2.7.13",0.05,"Bray-Curtis (MMseqs2 30% bins)",0.0450678921162311,0.863,0.956
8,"4.4.1","2.7.13",0.1,"MMD",0.208236440733117,0.001,0.726
8,"4.4.1","2.7.13",0.1,"Bray-Curtis (repdist MCL bins)",0.052210622636056,0.358,0.935
8,"4.4.1","2.7.13",0.1,"Bray-Curtis (MMseqs2 bins)",0.048183352927019,0.891,0.963
8,"4.4.1","2.7.13",0.1,"Bray-Curtis (protein)",0.047988194915062,0.943,0.976
8,"4.4.1","2.7.13",0.1,"Bray-Curtis (MMseqs2 30% bins)",0.0483615322760206,0.614,0.878
9,"2.7.1","6.3.4",0,"MMD",0.0600390977192866,0.15,0.898
9,"2.7.1","6.3.4",0,"Bray-Curtis (repdist MCL bins)",0.0326230550473679,0.926,0.76
9,"2.7.1","6.3.4",0,"Bray-Curtis (MMseqs2 bins)",0.0442578009271393,0.902,0.897
9,"2.7.1","6.3.4",0,"Bray-Curtis (protein)",0.0449177351536906,0.907,0.898
9,"2.7.1","6.3.4",0,"Bray-Curtis (MMseqs2 30% bins)",0.039840753572749,0.95,0.859
9,"2.7.1","6.3.4",0.01,"MMD",0.0667420848262347,0.038,0.568
9,"2.7.1","6.3.4",0.01,"Bray-Curtis (repdist MCL bins)",0.0376927493014877,0.684,0.737
9,"2.7.1","6.3.4",0.01,"Bray-Curtis (MMseqs2 bins)",0.0460487488437493,0.747,0.868
9,"2.7.1","6.3.4",0.01,"Bray-Curtis (protein)",0.0463789034400809,0.791,0.826
9,"2.7.1","6.3.4",0.01,"Bray-Curtis (MMseqs2 30% bins)",0.042307747260669,0.795,0.778
9,"2.7.1","6.3.4",0.02,"MMD",0.0739286959383179,0.001,0.345
9,"2.7.1","6.3.4",0.02,"Bray-Curtis (repdist MCL bins)",0.0391488917770964,0.628,0.648
9,"2.7.1","6.3.4",0.02,"Bray-Curtis (MMseqs2 bins)",0.0457330771991672,0.806,0.702
9,"2.7.1","6.3.4",0.02,"Bray-Curtis (protein)",0.0463555049519598,0.805,0.755
9,"2.7.1","6.3.4",0.02,"Bray-Curtis (MMseqs2 30% bins)",0.043887141156248,0.68,0.597
9,"2.7.1","6.3.4",0.05,"MMD",0.103409881401083,0.001,0.182
9,"2.7.1","6.3.4",0.05,"Bray-Curtis (repdist MCL bins)",0.0458034017159477,0.444,0.495
9,"2.7.1","6.3.4",0.05,"Bray-Curtis (MMseqs2 bins)",0.0476209374372644,0.637,0.355
9,"2.7.1","6.3.4",0.05,"Bray-Curtis (protein)",0.0480797983800853,0.632,0.38
9,"2.7.1","6.3.4",0.05,"Bray-Curtis (MMseqs2 30% bins)",0.0459644168684706,0.593,0.409
9,"2.7.1","6.3.4",0.1,"MMD",0.098159837706478,0.002,0.855
9,"2.7.1","6.3.4",0.1,"Bray-Curtis (repdist MCL bins)",0.0531487374940943,0.321,0.691
9,"2.7.1","6.3.4",0.1,"Bray-Curtis (MMseqs2 bins)",0.0497862348569937,0.5,0.783
9,"2.7.1","6.3.4",0.1,"Bray-Curtis (protein)",0.0502597491782728,0.482,0.779
9,"2.7.1","6.3.4",0.1,"Bray-Curtis (MMseqs2 30% bins)",0.0496814875629209,0.459,0.712
10,"2.4.99","2.1.1",0,"MMD",0.043858808075122,0.916,0.968
10,"2.4.99","2.1.1",0,"Bray-Curtis (repdist MCL bins)",0.043524236940102,0.485,0.771
10,"2.4.99","2.1.1",0,"Bray-Curtis (MMseqs2 bins)",0.0513786258639729,0.38,0.621
10,"2.4.99","2.1.1",0,"Bray-Curtis (protein)",0.0515765277687499,0.378,0.582
10,"2.4.99","2.1.1",0,"Bray-Curtis (MMseqs2 30% bins)",0.0479450575287407,0.457,0.696
10,"2.4.99","2.1.1",0.01,"MMD",0.0861852006726862,0.001,0.74
10,"2.4.99","2.1.1",0.01,"Bray-Curtis (repdist MCL bins)",0.0446043930332187,0.477,0.683
10,"2.4.99","2.1.1",0.01,"Bray-Curtis (MMseqs2 bins)",0.0507349273442024,0.404,0.476
10,"2.4.99","2.1.1",0.01,"Bray-Curtis (protein)",0.0512023519750223,0.396,0.464
10,"2.4.99","2.1.1",0.01,"Bray-Curtis (MMseqs2 30% bins)",0.0471799440156339,0.502,0.58
10,"2.4.99","2.1.1",0.02,"MMD",0.123917920955337,0.001,0.397
10,"2.4.99","2.1.1",0.02,"Bray-Curtis (repdist MCL bins)",0.0522768810901294,0.334,0.529
10,"2.4.99","2.1.1",0.02,"Bray-Curtis (MMseqs2 bins)",0.0520100778602145,0.353,0.267
10,"2.4.99","2.1.1",0.02,"Bray-Curtis (protein)",0.0523390624757522,0.339,0.252
10,"2.4.99","2.1.1",0.02,"Bray-Curtis (MMseqs2 30% bins)",0.0495920759259465,0.422,0.328
10,"2.4.99","2.1.1",0.05,"MMD",0.158391962043922,0.001,0.109
10,"2.4.99","2.1.1",0.05,"Bray-Curtis (repdist MCL bins)",0.0574582355439764,0.263,0.483
10,"2.4.99","2.1.1",0.05,"Bray-Curtis (MMseqs2 bins)",0.0505220502750053,0.434,0.384
10,"2.4.99","2.1.1",0.05,"Bray-Curtis (protein)",0.0507870214183893,0.422,0.353
10,"2.4.99","2.1.1",0.05,"Bray-Curtis (MMseqs2 30% bins)",0.0500047695884188,0.41,0.437
10,"2.4.99","2.1.1",0.1,"MMD",0.192175165375611,0.001,0.339
10,"2.4.99","2.1.1",0.1,"Bray-Curtis (repdist MCL bins)",0.0704783325903417,0.126,0.713
10,"2.4.99","2.1.1",0.1,"Bray-Curtis (MMseqs2 bins)",0.0502282033153767,0.484,0.737
10,"2.4.99","2.1.1",0.1,"Bray-Curtis (protein)",0.0505155000727242,0.48,0.687
10,"2.4.99","2.1.1",0.1,"Bray-Curtis (MMseqs2 30% bins)",0.0497946557317684,0.453,0.842
11,"2.7.4","2.5.1",0,"MMD",0.0471098462089273,0.831,0.459
11,"2.7.4","2.5.1",0,"Bray-Curtis (repdist MCL bins)",0.063341274387225,0.187,0.125
11,"2.7.4","2.5.1",0,"Bray-Curtis (MMseqs2 bins)",0.0561833949151543,0.198,0.086
11,"2.7.4","2.5.1",0,"Bray-Curtis (protein)",0.0563916091484081,0.181,0.08
11,"2.7.4","2.5.1",0,"Bray-Curtis (MMseqs2 30% bins)",0.0586599024346823,0.188,0.105
11,"2.7.4","2.5.1",0.01,"MMD",0.0648222295278509,0.028,0.049
11,"2.7.4","2.5.1",0.01,"Bray-Curtis (repdist MCL bins)",0.060188957123901,0.204,0.065
11,"2.7.4","2.5.1",0.01,"Bray-Curtis (MMseqs2 bins)",0.0541124716052784,0.284,0.008
11,"2.7.4","2.5.1",0.01,"Bray-Curtis (protein)",0.0543047598787248,0.26,0.01
11,"2.7.4","2.5.1",0.01,"Bray-Curtis (MMseqs2 30% bins)",0.0556226340343599,0.246,0.019
11,"2.7.4","2.5.1",0.02,"MMD",0.0849478905148678,0.001,0.981
11,"2.7.4","2.5.1",0.02,"Bray-Curtis (repdist MCL bins)",0.067472370326235,0.125,0.109
11,"2.7.4","2.5.1",0.02,"Bray-Curtis (MMseqs2 bins)",0.0557283885512925,0.194,0.047
11,"2.7.4","2.5.1",0.02,"Bray-Curtis (protein)",0.0551146817019123,0.202,0.043
11,"2.7.4","2.5.1",0.02,"Bray-Curtis (MMseqs2 30% bins)",0.0591311030313306,0.153,0.05
11,"2.7.4","2.5.1",0.05,"MMD",0.100347233911875,0.001,0.565
11,"2.7.4","2.5.1",0.05,"Bray-Curtis (repdist MCL bins)",0.0699308452098573,0.085,0.069
11,"2.7.4","2.5.1",0.05,"Bray-Curtis (MMseqs2 bins)",0.0542078792652974,0.249,0.074
11,"2.7.4","2.5.1",0.05,"Bray-Curtis (protein)",0.0540731721103817,0.251,0.096
11,"2.7.4","2.5.1",0.05,"Bray-Curtis (MMseqs2 30% bins)",0.0581098909792472,0.157,0.081
11,"2.7.4","2.5.1",0.1,"MMD",0.101665533679883,0.001,0.742
11,"2.7.4","2.5.1",0.1,"Bray-Curtis (repdist MCL bins)",0.0756076151377634,0.054,0.097
11,"2.7.4","2.5.1",0.1,"Bray-Curtis (MMseqs2 bins)",0.0532427458918172,0.311,0.092
11,"2.7.4","2.5.1",0.1,"Bray-Curtis (protein)",0.0532986654986453,0.3,0.097
11,"2.7.4","2.5.1",0.1,"Bray-Curtis (MMseqs2 30% bins)",0.0579691492373253,0.17,0.091
12,"3.5.1","6.3.1",0,"MMD",0.0462824565182908,0.828,0.103
12,"3.5.1","6.3.1",0,"Bray-Curtis (repdist MCL bins)",0.035910751214823,0.991,0.975
12,"3.5.1","6.3.1",0,"Bray-Curtis (MMseqs2 bins)",0.0444094573697826,0.996,0.786
12,"3.5.1","6.3.1",0,"Bray-Curtis (protein)",0.0445115954420482,1,0.757
12,"3.5.1","6.3.1",0,"Bray-Curtis (MMseqs2 30% bins)",0.0408655852643674,0.996,0.87
12,"3.5.1","6.3.1",0.01,"MMD",0.0758724841483285,0.01,0.375
12,"3.5.1","6.3.1",0.01,"Bray-Curtis (repdist MCL bins)",0.0427783825229215,0.597,0.922
12,"3.5.1","6.3.1",0.01,"Bray-Curtis (MMseqs2 bins)",0.0478234867879475,0.779,0.705
12,"3.5.1","6.3.1",0.01,"Bray-Curtis (protein)",0.0482442626123282,0.794,0.679
12,"3.5.1","6.3.1",0.01,"Bray-Curtis (MMseqs2 30% bins)",0.0474391557141649,0.585,0.8
12,"3.5.1","6.3.1",0.02,"MMD",0.114716497541421,0.001,0.989
12,"3.5.1","6.3.1",0.02,"Bray-Curtis (repdist MCL bins)",0.0528186224676526,0.314,0.932
12,"3.5.1","6.3.1",0.02,"Bray-Curtis (MMseqs2 bins)",0.0492050002900865,0.664,0.698
12,"3.5.1","6.3.1",0.02,"Bray-Curtis (protein)",0.049154326665612,0.715,0.704
12,"3.5.1","6.3.1",0.02,"Bray-Curtis (MMseqs2 30% bins)",0.0497270158617106,0.466,0.781
12,"3.5.1","6.3.1",0.05,"MMD",0.183273726600397,0.001,0.054
12,"3.5.1","6.3.1",0.05,"Bray-Curtis (repdist MCL bins)",0.067941467973328,0.121,0.815
12,"3.5.1","6.3.1",0.05,"Bray-Curtis (MMseqs2 bins)",0.0480615636160793,0.865,0.74
12,"3.5.1","6.3.1",0.05,"Bray-Curtis (protein)",0.047934169019987,0.909,0.744
12,"3.5.1","6.3.1",0.05,"Bray-Curtis (MMseqs2 30% bins)",0.0563758605854682,0.219,0.982
12,"3.5.1","6.3.1",0.1,"MMD",0.195323918327503,0.001,0.1
12,"3.5.1","6.3.1",0.1,"Bray-Curtis (repdist MCL bins)",0.0852188763385691,0.033,0.674
12,"3.5.1","6.3.1",0.1,"Bray-Curtis (MMseqs2 bins)",0.0489596728989107,0.834,0.557
12,"3.5.1","6.3.1",0.1,"Bray-Curtis (protein)",0.0499125956642769,0.707,0.596
12,"3.5.1","6.3.1",0.1,"Bray-Curtis (MMseqs2 30% bins)",0.0639999944393371,0.081,0.953
13,"2.8.1","6.3.2",0,"MMD",0.0507076770169165,0.584,0.828
13,"2.8.1","6.3.2",0,"Bray-Curtis (repdist MCL bins)",0.0383674562019037,0.673,0.294
13,"2.8.1","6.3.2",0,"Bray-Curtis (MMseqs2 bins)",0.0474115884946623,0.632,0.468
13,"2.8.1","6.3.2",0,"Bray-Curtis (protein)",0.0479298354147602,0.623,0.482
13,"2.8.1","6.3.2",0,"Bray-Curtis (MMseqs2 30% bins)",0.0448365549445061,0.624,0.375
13,"2.8.1","6.3.2",0.01,"MMD",0.095563898071044,0.001,0.339
13,"2.8.1","6.3.2",0.01,"Bray-Curtis (repdist MCL bins)",0.042016252266268,0.523,0.288
13,"2.8.1","6.3.2",0.01,"Bray-Curtis (MMseqs2 bins)",0.0463427920381651,0.737,0.481
13,"2.8.1","6.3.2",0.01,"Bray-Curtis (protein)",0.0475631951057689,0.641,0.503
13,"2.8.1","6.3.2",0.01,"Bray-Curtis (MMseqs2 30% bins)",0.0438755805690908,0.663,0.361
13,"2.8.1","6.3.2",0.02,"MMD",0.137255144498773,0.001,0.063
13,"2.8.1","6.3.2",0.02,"Bray-Curtis (repdist MCL bins)",0.0485977078306347,0.39,0.389
13,"2.8.1","6.3.2",0.02,"Bray-Curtis (MMseqs2 bins)",0.0494132574406603,0.497,0.701
13,"2.8.1","6.3.2",0.02,"Bray-Curtis (protein)",0.0500448456042758,0.46,0.761
13,"2.8.1","6.3.2",0.02,"Bray-Curtis (MMseqs2 30% bins)",0.048469246542182,0.452,0.608
13,"2.8.1","6.3.2",0.05,"MMD",0.140420667747046,0.001,0.714
13,"2.8.1","6.3.2",0.05,"Bray-Curtis (repdist MCL bins)",0.0553123072681949,0.28,0.296
13,"2.8.1","6.3.2",0.05,"Bray-Curtis (MMseqs2 bins)",0.0475805449646395,0.689,0.488
13,"2.8.1","6.3.2",0.05,"Bray-Curtis (protein)",0.0483114432917186,0.651,0.517
13,"2.8.1","6.3.2",0.05,"Bray-Curtis (MMseqs2 30% bins)",0.0514520135553632,0.353,0.439
13,"2.8.1","6.3.2",0.1,"MMD",0.152039513596382,0.001,0.859
13,"2.8.1","6.3.2",0.1,"Bray-Curtis (repdist MCL bins)",0.0735705883349915,0.107,0.216
13,"2.8.1","6.3.2",0.1,"Bray-Curtis (MMseqs2 bins)",0.0490963766362845,0.578,0.312
13,"2.8.1","6.3.2",0.1,"Bray-Curtis (protein)",0.0495463157788377,0.565,0.337
13,"2.8.1","6.3.2",0.1,"Bray-Curtis (MMseqs2 30% bins)",0.0558880874833132,0.245,0.269
14,"1.14.99","5.3.1",0,"MMD",0.0493634001075509,0.616,0.485
14,"1.14.99","5.3.1",0,"Bray-Curtis (repdist MCL bins)",0.0464761043178839,0.413,0.553
14,"1.14.99","5.3.1",0,"Bray-Curtis (MMseqs2 bins)",0.0486444121411374,0.515,0.829
14,"1.14.99","5.3.1",0,"Bray-Curtis (protein)",0.0489147655255812,0.523,0.847
14,"1.14.99","5.3.1",0,"Bray-Curtis (MMseqs2 30% bins)",0.0489820186521004,0.411,0.673
14,"1.14.99","5.3.1",0.01,"MMD",0.101735159051334,0.001,0.763
14,"1.14.99","5.3.1",0.01,"Bray-Curtis (repdist MCL bins)",0.0503354723305871,0.355,0.599
14,"1.14.99","5.3.1",0.01,"Bray-Curtis (MMseqs2 bins)",0.0506893649730685,0.403,0.816
14,"1.14.99","5.3.1",0.01,"Bray-Curtis (protein)",0.0502973864346838,0.444,0.845
14,"1.14.99","5.3.1",0.01,"Bray-Curtis (MMseqs2 30% bins)",0.0502745713578182,0.38,0.68
14,"1.14.99","5.3.1",0.02,"MMD",0.100382476492644,0.001,0.217
14,"1.14.99","5.3.1",0.02,"Bray-Curtis (repdist MCL bins)",0.0503062553200973,0.344,0.614
14,"1.14.99","5.3.1",0.02,"Bray-Curtis (MMseqs2 bins)",0.0510636845052553,0.386,0.976
14,"1.14.99","5.3.1",0.02,"Bray-Curtis (protein)",0.051654186968498,0.37,0.982
14,"1.14.99","5.3.1",0.02,"Bray-Curtis (MMseqs2 30% bins)",0.051331630516191,0.349,0.8
14,"1.14.99","5.3.1",0.05,"MMD",0.165481612332759,0.001,0.729
14,"1.14.99","5.3.1",0.05,"Bray-Curtis (repdist MCL bins)",0.0584549827813027,0.244,0.497
14,"1.14.99","5.3.1",0.05,"Bray-Curtis (MMseqs2 bins)",0.0503808568120151,0.435,0.774
14,"1.14.99","5.3.1",0.05,"Bray-Curtis (protein)",0.050578032639069,0.436,0.804
14,"1.14.99","5.3.1",0.05,"Bray-Curtis (MMseqs2 30% bins)",0.0537043835269424,0.298,0.631
14,"1.14.99","5.3.1",0.1,"MMD",0.153326545616576,0.001,0.134
14,"1.14.99","5.3.1",0.1,"Bray-Curtis (repdist MCL bins)",0.0648288329587652,0.162,0.248
14,"1.14.99","5.3.1",0.1,"Bray-Curtis (MMseqs2 bins)",0.0523496018354857,0.337,0.429
14,"1.14.99","5.3.1",0.1,"Bray-Curtis (protein)",0.0525774458851537,0.328,0.458
14,"1.14.99","5.3.1",0.1,"Bray-Curtis (MMseqs2 30% bins)",0.0568478640452371,0.22,0.329
15,"3.2.2","3.1.21",0,"MMD",0.0576497351865451,0.185,0.747
15,"3.2.2","3.1.21",0,"Bray-Curtis (repdist MCL bins)",0.0442288496788029,0.473,0.178
15,"3.2.2","3.1.21",0,"Bray-Curtis (MMseqs2 bins)",0.0484196826872991,0.555,0.406
15,"3.2.2","3.1.21",0,"Bray-Curtis (protein)",0.0491921064794465,0.519,0.48
15,"3.2.2","3.1.21",0,"Bray-Curtis (MMseqs2 30% bins)",0.0473568372727761,0.493,0.243
15,"3.2.2","3.1.21",0.01,"MMD",0.0629644956266738,0.041,0.071
15,"3.2.2","3.1.21",0.01,"Bray-Curtis (repdist MCL bins)",0.0485449929964387,0.39,0.289
15,"3.2.2","3.1.21",0.01,"Bray-Curtis (MMseqs2 bins)",0.0514286537391283,0.374,0.563
15,"3.2.2","3.1.21",0.01,"Bray-Curtis (protein)",0.0515767980512371,0.377,0.602
15,"3.2.2","3.1.21",0.01,"Bray-Curtis (MMseqs2 30% bins)",0.0491681113071063,0.435,0.38
15,"3.2.2","3.1.21",0.02,"MMD",0.0933451145847275,0.001,0.575
15,"3.2.2","3.1.21",0.02,"Bray-Curtis (repdist MCL bins)",0.0539916497187826,0.313,0.179
15,"3.2.2","3.1.21",0.02,"Bray-Curtis (MMseqs2 bins)",0.0517670618768844,0.371,0.432
15,"3.2.2","3.1.21",0.02,"Bray-Curtis (protein)",0.051782531704803,0.37,0.472
15,"3.2.2","3.1.21",0.02,"Bray-Curtis (MMseqs2 30% bins)",0.0534269303354148,0.316,0.279
15,"3.2.2","3.1.21",0.05,"MMD",0.119952263142946,0.001,0.385
15,"3.2.2","3.1.21",0.05,"Bray-Curtis (repdist MCL bins)",0.0602215803021969,0.225,0.255
15,"3.2.2","3.1.21",0.05,"Bray-Curtis (MMseqs2 bins)",0.0506015895976287,0.408,0.342
15,"3.2.2","3.1.21",0.05,"Bray-Curtis (protein)",0.0510246512024088,0.397,0.42
15,"3.2.2","3.1.21",0.05,"Bray-Curtis (MMseqs2 30% bins)",0.0556893336185273,0.25,0.202
15,"3.2.2","3.1.21",0.1,"MMD",0.130396332301569,0.001,0.188
15,"3.2.2","3.1.21",0.1,"Bray-Curtis (repdist MCL bins)",0.0702262212039963,0.132,0.253
15,"3.2.2","3.1.21",0.1,"Bray-Curtis (MMseqs2 bins)",0.0511172274549485,0.419,0.297
15,"3.2.2","3.1.21",0.1,"Bray-Curtis (protein)",0.0510055230289648,0.438,0.303
15,"3.2.2","3.1.21",0.1,"Bray-Curtis (MMseqs2 30% bins)",0.0606382369412643,0.166,0.151
16,"3.5.2","2.3.1",0,"MMD",0.0407743969689385,0.98,0.138
16,"3.5.2","2.3.1",0,"Bray-Curtis (repdist MCL bins)",0.0378613391508785,0.955,0.721
16,"3.5.2","2.3.1",0,"Bray-Curtis (MMseqs2 bins)",0.0447649762750325,0.995,0.963
16,"3.5.2","2.3.1",0,"Bray-Curtis (protein)",0.0458702267902225,0.991,0.952
16,"3.5.2","2.3.1",0,"Bray-Curtis (MMseqs2 30% bins)",0.0425321202870827,0.984,0.828
16,"3.5.2","2.3.1",0.01,"MMD",0.0683570947780157,0.038,0.492
16,"3.5.2","2.3.1",0.01,"Bray-Curtis (repdist MCL bins)",0.0428177377525958,0.675,0.449
16,"3.5.2","2.3.1",0.01,"Bray-Curtis (MMseqs2 bins)",0.0484815601178413,0.759,0.484
16,"3.5.2","2.3.1",0.01,"Bray-Curtis (protein)",0.0483010126755406,0.861,0.502
16,"3.5.2","2.3.1",0.01,"Bray-Curtis (MMseqs2 30% bins)",0.0469531988570958,0.695,0.517
16,"3.5.2","2.3.1",0.02,"MMD",0.071526457772174,0.012,0.066
16,"3.5.2","2.3.1",0.02,"Bray-Curtis (repdist MCL bins)",0.0413261109232192,0.82,0.429
16,"3.5.2","2.3.1",0.02,"Bray-Curtis (MMseqs2 bins)",0.0466052876878148,0.966,0.561
16,"3.5.2","2.3.1",0.02,"Bray-Curtis (protein)",0.0470786121805229,0.963,0.549
16,"3.5.2","2.3.1",0.02,"Bray-Curtis (MMseqs2 30% bins)",0.0456181677069841,0.859,0.514
16,"3.5.2","2.3.1",0.05,"MMD",0.0713824651741125,0.017,0.514
16,"3.5.2","2.3.1",0.05,"Bray-Curtis (repdist MCL bins)",0.0483526996241258,0.502,0.302
16,"3.5.2","2.3.1",0.05,"Bray-Curtis (MMseqs2 bins)",0.0471247766266758,0.963,0.387
16,"3.5.2","2.3.1",0.05,"Bray-Curtis (protein)",0.0482704492759568,0.912,0.411
16,"3.5.2","2.3.1",0.05,"Bray-Curtis (MMseqs2 30% bins)",0.048361126538818,0.65,0.323
16,"3.5.2","2.3.1",0.1,"MMD",0.0827311731287362,0.013,0.25
16,"3.5.2","2.3.1",0.1,"Bray-Curtis (repdist MCL bins)",0.0573991682564184,0.257,0.234
16,"3.5.2","2.3.1",0.1,"Bray-Curtis (MMseqs2 bins)",0.0505833024782353,0.618,0.502
16,"3.5.2","2.3.1",0.1,"Bray-Curtis (protein)",0.0509830626618344,0.592,0.548
16,"3.5.2","2.3.1",0.1,"Bray-Curtis (MMseqs2 30% bins)",0.056833659795851,0.214,0.336
17,"3.5.3","4.1.1",0,"MMD",0.0439873718114996,0.943,0.4
17,"3.5.3","4.1.1",0,"Bray-Curtis (repdist MCL bins)",0.0404872466081269,0.565,0.189
17,"3.5.3","4.1.1",0,"Bray-Curtis (MMseqs2 bins)",0.0473664182496076,0.624,0.46
17,"3.5.3","4.1.1",0,"Bray-Curtis (protein)",0.0477258764098953,0.641,0.482
17,"3.5.3","4.1.1",0,"Bray-Curtis (MMseqs2 30% bins)",0.0449311148906512,0.593,0.376
17,"3.5.3","4.1.1",0.01,"MMD",0.114787087577343,0.001,0.84
17,"3.5.3","4.1.1",0.01,"Bray-Curtis (repdist MCL bins)",0.0489925339123416,0.373,0.124
17,"3.5.3","4.1.1",0.01,"Bray-Curtis (MMseqs2 bins)",0.0483091169142697,0.527,0.477
17,"3.5.3","4.1.1",0.01,"Bray-Curtis (protein)",0.0485914320370058,0.538,0.576
17,"3.5.3","4.1.1",0.01,"Bray-Curtis (MMseqs2 30% bins)",0.0492781457508461,0.412,0.231
17,"3.5.3","4.1.1",0.02,"MMD",0.174587422149634,0.001,0.591
17,"3.5.3","4.1.1",0.02,"Bray-Curtis (repdist MCL bins)",0.0550956028547687,0.282,0.109
17,"3.5.3","4.1.1",0.02,"Bray-Curtis (MMseqs2 bins)",0.0477689530874474,0.587,0.565
17,"3.5.3","4.1.1",0.02,"Bray-Curtis (protein)",0.0482750366416172,0.591,0.613
17,"3.5.3","4.1.1",0.02,"Bray-Curtis (MMseqs2 30% bins)",0.0502078567537893,0.383,0.245
17,"3.5.3","4.1.1",0.05,"MMD",0.217800841956312,0.001,0.593
17,"3.5.3","4.1.1",0.05,"Bray-Curtis (repdist MCL bins)",0.0688515065743936,0.149,0.092
17,"3.5.3","4.1.1",0.05,"Bray-Curtis (MMseqs2 bins)",0.0483820825938602,0.581,0.516
17,"3.5.3","4.1.1",0.05,"Bray-Curtis (protein)",0.0486308078358666,0.592,0.595
17,"3.5.3","4.1.1",0.05,"Bray-Curtis (MMseqs2 30% bins)",0.0556620917738457,0.24,0.175
17,"3.5.3","4.1.1",0.1,"MMD",0.229619604120922,0.001,0.109
17,"3.5.3","4.1.1",0.1,"Bray-Curtis (repdist MCL bins)",0.101737344293359,0.018,0.009
17,"3.5.3","4.1.1",0.1,"Bray-Curtis (MMseqs2 bins)",0.0486123857840764,0.664,0.486
17,"3.5.3","4.1.1",0.1,"Bray-Curtis (protein)",0.0490907297770056,0.655,0.531
17,"3.5.3","4.1.1",0.1,"Bray-Curtis (MMseqs2 30% bins)",0.0715932859013087,0.067,0.048
18,"2.7.11","4.1.3",0,"MMD",0.0617726482104124,0.08,0.911
18,"2.7.11","4.1.3",0,"Bray-Curtis (repdist MCL bins)",0.0355886048522199,0.884,0.881
18,"2.7.11","4.1.3",0,"Bray-Curtis (MMseqs2 bins)",0.0468567491399094,0.737,0.951
18,"2.7.11","4.1.3",0,"Bray-Curtis (protein)",0.0471520637223881,0.772,0.983
18,"2.7.11","4.1.3",0,"Bray-Curtis (MMseqs2 30% bins)",0.0433597620376622,0.794,0.933
18,"2.7.11","4.1.3",0.01,"MMD",0.120494466026493,0.001,0.903
18,"2.7.11","4.1.3",0.01,"Bray-Curtis (repdist MCL bins)",0.03675467990924,0.855,0.923
18,"2.7.11","4.1.3",0.01,"Bray-Curtis (MMseqs2 bins)",0.0464162190828461,0.826,0.924
18,"2.7.11","4.1.3",0.01,"Bray-Curtis (protein)",0.0469034398526395,0.827,0.92
18,"2.7.11","4.1.3",0.01,"Bray-Curtis (MMseqs2 30% bins)",0.0441541498504406,0.736,0.975
18,"2.7.11","4.1.3",0.02,"MMD",0.166379871051355,0.001,0.133
18,"2.7.11","4.1.3",0.02,"Bray-Curtis (repdist MCL bins)",0.0385480904599046,0.755,0.923
18,"2.7.11","4.1.3",0.02,"Bray-Curtis (MMseqs2 bins)",0.0454230757337217,0.904,0.812
18,"2.7.11","4.1.3",0.02,"Bray-Curtis (protein)",0.046337896152547,0.875,0.791
18,"2.7.11","4.1.3",0.02,"Bray-Curtis (MMseqs2 30% bins)",0.0422118883620347,0.908,0.903
18,"2.7.11","4.1.3",0.05,"MMD",0.256354412233327,0.001,0.478
18,"2.7.11","4.1.3",0.05,"Bray-Curtis (repdist MCL bins)",0.0460642840480542,0.497,0.908
18,"2.7.11","4.1.3",0.05,"Bray-Curtis (MMseqs2 bins)",0.0466900177464711,0.847,0.845
18,"2.7.11","4.1.3",0.05,"Bray-Curtis (protein)",0.0473046455100133,0.829,0.802
18,"2.7.11","4.1.3",0.05,"Bray-Curtis (MMseqs2 30% bins)",0.0472520676116935,0.594,0.803
18,"2.7.11","4.1.3",0.1,"MMD",0.273111053834673,0.001,0.127
18,"2.7.11","4.1.3",0.1,"Bray-Curtis (repdist MCL bins)",0.063004598997273,0.184,0.664
18,"2.7.11","4.1.3",0.1,"Bray-Curtis (MMseqs2 bins)",0.0479329368760139,0.819,0.697
18,"2.7.11","4.1.3",0.1,"Bray-Curtis (protein)",0.0482771732488248,0.842,0.694
18,"2.7.11","4.1.3",0.1,"Bray-Curtis (MMseqs2 30% bins)",0.0546293849705203,0.29,0.784
19,"2.7.8","1.2.1",0,"MMD",0.0522287514374825,0.494,0.455
19,"2.7.8","1.2.1",0,"Bray-Curtis (repdist MCL bins)",0.0585599241813005,0.264,0.691
19,"2.7.8","1.2.1",0,"Bray-Curtis (MMseqs2 bins)",0.054402549323562,0.28,0.544
19,"2.7.8","1.2.1",0,"Bray-Curtis (protein)",0.0536298976575707,0.301,0.534
19,"2.7.8","1.2.1",0,"Bray-Curtis (MMseqs2 30% bins)",0.0564054120363062,0.264,0.628
19,"2.7.8","1.2.1",0.01,"MMD",0.142938368003359,0.001,0.006
19,"2.7.8","1.2.1",0.01,"Bray-Curtis (repdist MCL bins)",0.0710548844526892,0.151,0.704
19,"2.7.8","1.2.1",0.01,"Bray-Curtis (MMseqs2 bins)",0.0557826479069252,0.242,0.531
19,"2.7.8","1.2.1",0.01,"Bray-Curtis (protein)",0.055656464965436,0.234,0.528
19,"2.7.8","1.2.1",0.01,"Bray-Curtis (MMseqs2 30% bins)",0.0605263556764777,0.189,0.576
19,"2.7.8","1.2.1",0.02,"MMD",0.195266796225723,0.001,0.183
19,"2.7.8","1.2.1",0.02,"Bray-Curtis (repdist MCL bins)",0.0771434576852656,0.118,0.541
19,"2.7.8","1.2.1",0.02,"Bray-Curtis (MMseqs2 bins)",0.0578149258727523,0.183,0.527
19,"2.7.8","1.2.1",0.02,"Bray-Curtis (protein)",0.0567714273272793,0.199,0.516
19,"2.7.8","1.2.1",0.02,"Bray-Curtis (MMseqs2 30% bins)",0.0643492521616087,0.144,0.506
19,"2.7.8","1.2.1",0.05,"MMD",0.26623618011714,0.001,0.208
19,"2.7.8","1.2.1",0.05,"Bray-Curtis (repdist MCL bins)",0.092124929772708,0.051,0.459
19,"2.7.8","1.2.1",0.05,"Bray-Curtis (MMseqs2 bins)",0.0533024868179356,0.311,0.576
19,"2.7.8","1.2.1",0.05,"Bray-Curtis (protein)",0.0527427377771563,0.335,0.547
19,"2.7.8","1.2.1",0.05,"Bray-Curtis (MMseqs2 30% bins)",0.0629710071729488,0.146,0.545
19,"2.7.8","1.2.1",0.1,"MMD",0.283529064710985,0.001,0.403
19,"2.7.8","1.2.1",0.1,"Bray-Curtis (repdist MCL bins)",0.119802685023195,0.011,0.257
19,"2.7.8","1.2.1",0.1,"Bray-Curtis (MMseqs2 bins)",0.0566830802165829,0.188,0.574
19,"2.7.8","1.2.1",0.1,"Bray-Curtis (protein)",0.056434800735028,0.184,0.56
19,"2.7.8","1.2.1",0.1,"Bray-Curtis (MMseqs2 30% bins)",0.0726325493464751,0.055,0.4
20,"6.1.1","4.2.3",0,"MMD",0.0570558279935018,0.185,0.903
20,"6.1.1","4.2.3",0,"Bray-Curtis (repdist MCL bins)",0.063754510225542,0.155,0.834
20,"6.1.1","4.2.3",0,"Bray-Curtis (MMseqs2 bins)",0.0575481810652614,0.115,0.64
20,"6.1.1","4.2.3",0,"Bray-Curtis (protein)",0.0571653072676492,0.12,0.503
20,"6.1.1","4.2.3",0,"Bray-Curtis (MMseqs2 30% bins)",0.0585456083208519,0.155,0.928
20,"6.1.1","4.2.3",0.01,"MMD",0.106824131012492,0.001,0.223
20,"6.1.1","4.2.3",0.01,"Bray-Curtis (repdist MCL bins)",0.065897693636852,0.12,0.907
20,"6.1.1","4.2.3",0.01,"Bray-Curtis (MMseqs2 bins)",0.0572609842029582,0.123,0.501
20,"6.1.1","4.2.3",0.01,"Bray-Curtis (protein)",0.0567939814251506,0.124,0.484
20,"6.1.1","4.2.3",0.01,"Bray-Curtis (MMseqs2 30% bins)",0.0606802044125631,0.107,0.739
20,"6.1.1","4.2.3",0.02,"MMD",0.191221224826213,0.001,0.374
20,"6.1.1","4.2.3",0.02,"Bray-Curtis (repdist MCL bins)",0.0760381546509909,0.062,0.587
20,"6.1.1","4.2.3",0.02,"Bray-Curtis (MMseqs2 bins)",0.0552062844935353,0.189,0.674
20,"6.1.1","4.2.3",0.02,"Bray-Curtis (protein)",0.0548349920753301,0.198,0.608
20,"6.1.1","4.2.3",0.02,"Bray-Curtis (MMseqs2 30% bins)",0.0633145623463391,0.075,0.847
20,"6.1.1","4.2.3",0.05,"MMD",0.288228082265161,0.001,0.728
20,"6.1.1","4.2.3",0.05,"Bray-Curtis (repdist MCL bins)",0.109588228942498,0.004,0.63
20,"6.1.1","4.2.3",0.05,"Bray-Curtis (MMseqs2 bins)",0.0564444512365623,0.124,0.184
20,"6.1.1","4.2.3",0.05,"Bray-Curtis (protein)",0.0558638736508166,0.132,0.182
20,"6.1.1","4.2.3",0.05,"Bray-Curtis (MMseqs2 30% bins)",0.0757412957883501,0.011,0.783
20,"6.1.1","4.2.3",0.1,"MMD",0.297515789719765,0.001,0.354
20,"6.1.1","4.2.3",0.1,"Bray-Curtis (repdist MCL bins)",0.139394826810322,0.001,0.302
20,"6.1.1","4.2.3",0.1,"Bray-Curtis (MMseqs2 bins)",0.0570907454447728,0.076,0.265
20,"6.1.1","4.2.3",0.1,"Bray-Curtis (protein)",0.0569690879151036,0.074,0.262
20,"6.1.1","4.2.3",0.1,"Bray-Curtis (MMseqs2 30% bins)",0.0898935274682699,0.001,0.694
21,"2.6.1","3.1.3",0,"MMD",0.0580983501422389,0.173,0.94
21,"2.6.1","3.1.3",0,"Bray-Curtis (repdist MCL bins)",0.0697014283875542,0.147,0.902
21,"2.6.1","3.1.3",0,"Bray-Curtis (MMseqs2 bins)",0.057904724560945,0.162,0.53
21,"2.6.1","3.1.3",0,"Bray-Curtis (protein)",0.0570832560603915,0.169,0.481
21,"2.6.1","3.1.3",0,"Bray-Curtis (MMseqs2 30% bins)",0.0617077429118432,0.153,0.655
21,"2.6.1","3.1.3",0.01,"MMD",0.113519656290483,0.001,0.2
21,"2.6.1","3.1.3",0.01,"Bray-Curtis (repdist MCL bins)",0.0715852466616658,0.119,0.925
21,"2.6.1","3.1.3",0.01,"Bray-Curtis (MMseqs2 bins)",0.0581750735091742,0.148,0.377
21,"2.6.1","3.1.3",0.01,"Bray-Curtis (protein)",0.0581079773119328,0.137,0.322
21,"2.6.1","3.1.3",0.01,"Bray-Curtis (MMseqs2 30% bins)",0.0631771633111575,0.124,0.612
21,"2.6.1","3.1.3",0.02,"MMD",0.202774043924398,0.001,0.648
21,"2.6.1","3.1.3",0.02,"Bray-Curtis (repdist MCL bins)",0.0758205950690102,0.094,0.915
21,"2.6.1","3.1.3",0.02,"Bray-Curtis (MMseqs2 bins)",0.0565382848392359,0.184,0.435
21,"2.6.1","3.1.3",0.02,"Bray-Curtis (protein)",0.0560137656138909,0.192,0.422
21,"2.6.1","3.1.3",0.02,"Bray-Curtis (MMseqs2 30% bins)",0.0621029727317404,0.139,0.785
21,"2.6.1","3.1.3",0.05,"MMD",0.273098078719565,0.001,0.136
21,"2.6.1","3.1.3",0.05,"Bray-Curtis (repdist MCL bins)",0.0914029453294099,0.04,0.712
21,"2.6.1","3.1.3",0.05,"Bray-Curtis (MMseqs2 bins)",0.0582682037156107,0.13,0.451
21,"2.6.1","3.1.3",0.05,"Bray-Curtis (protein)",0.0579561435632097,0.126,0.435
21,"2.6.1","3.1.3",0.05,"Bray-Curtis (MMseqs2 30% bins)",0.0680877411187906,0.066,0.865
21,"2.6.1","3.1.3",0.1,"MMD",0.299509237819523,0.001,0.109
21,"2.6.1","3.1.3",0.1,"Bray-Curtis (repdist MCL bins)",0.110941564548282,0.005,0.284
21,"2.6.1","3.1.3",0.1,"Bray-Curtis (MMseqs2 bins)",0.057153395931471,0.141,0.491
21,"2.6.1","3.1.3",0.1,"Bray-Curtis (protein)",0.0570568984415143,0.13,0.443
21,"2.6.1","3.1.3",0.1,"Bray-Curtis (MMseqs2 30% bins)",0.070956713210261,0.04,0.795
22,"1.14.11","3.2.1",0,"MMD",0.0495057774929182,0.646,0.86
22,"1.14.11","3.2.1",0,"Bray-Curtis (repdist MCL bins)",0.0626729826767794,0.181,0.361
22,"1.14.11","3.2.1",0,"Bray-Curtis (MMseqs2 bins)",0.0570960459008128,0.168,0.151
22,"1.14.11","3.2.1",0,"Bray-Curtis (protein)",0.0564367359001085,0.176,0.134
22,"1.14.11","3.2.1",0,"Bray-Curtis (MMseqs2 30% bins)",0.0598062265260568,0.157,0.225
22,"1.14.11","3.2.1",0.01,"MMD",0.117017466849984,0.001,0.891
22,"1.14.11","3.2.1",0.01,"Bray-Curtis (repdist MCL bins)",0.0571746150335846,0.239,0.376
22,"1.14.11","3.2.1",0.01,"Bray-Curtis (MMseqs2 bins)",0.053293608470837,0.283,0.211
22,"1.14.11","3.2.1",0.01,"Bray-Curtis (protein)",0.0545128917127612,0.238,0.192
22,"1.14.11","3.2.1",0.01,"Bray-Curtis (MMseqs2 30% bins)",0.0545156763545088,0.261,0.366
22,"1.14.11","3.2.1",0.02,"MMD",0.17370927053336,0.001,0.307
22,"1.14.11","3.2.1",0.02,"Bray-Curtis (repdist MCL bins)",0.0602712655018142,0.196,0.295
22,"1.14.11","3.2.1",0.02,"Bray-Curtis (MMseqs2 bins)",0.0538724798340929,0.261,0.096
22,"1.14.11","3.2.1",0.02,"Bray-Curtis (protein)",0.0542369264329884,0.238,0.077
22,"1.14.11","3.2.1",0.02,"Bray-Curtis (MMseqs2 30% bins)",0.0573722311490637,0.196,0.154
22,"1.14.11","3.2.1",0.05,"MMD",0.254283305278063,0.001,0.433
22,"1.14.11","3.2.1",0.05,"Bray-Curtis (repdist MCL bins)",0.0689313181019581,0.121,0.381
22,"1.14.11","3.2.1",0.05,"Bray-Curtis (MMseqs2 bins)",0.0538079891266204,0.26,0.09
22,"1.14.11","3.2.1",0.05,"Bray-Curtis (protein)",0.0531621786053199,0.286,0.099
22,"1.14.11","3.2.1",0.05,"Bray-Curtis (MMseqs2 30% bins)",0.0593937676274519,0.15,0.199
22,"1.14.11","3.2.1",0.1,"MMD",0.271247738554374,0.001,0.03
22,"1.14.11","3.2.1",0.1,"Bray-Curtis (repdist MCL bins)",0.0757843885624895,0.061,0.624
22,"1.14.11","3.2.1",0.1,"Bray-Curtis (MMseqs2 bins)",0.0534053817119672,0.269,0.229
22,"1.14.11","3.2.1",0.1,"Bray-Curtis (protein)",0.0527787059587287,0.304,0.229
22,"1.14.11","3.2.1",0.1,"Bray-Curtis (MMseqs2 30% bins)",0.0630794050721695,0.088,0.6
23,"4.1.2","2.4.1",0,"MMD",0.0559451957946907,0.269,0.552
23,"4.1.2","2.4.1",0,"Bray-Curtis (repdist MCL bins)",0.0332562296066121,0.952,0.189
23,"4.1.2","2.4.1",0,"Bray-Curtis (MMseqs2 bins)",0.0440102340147291,0.966,0.301
23,"4.1.2","2.4.1",0,"Bray-Curtis (protein)",0.0460643777691949,0.871,0.316
23,"4.1.2","2.4.1",0,"Bray-Curtis (MMseqs2 30% bins)",0.0393685429861896,0.982,0.226
23,"4.1.2","2.4.1",0.01,"MMD",0.0840638415963424,0.001,0.603
23,"4.1.2","2.4.1",0.01,"Bray-Curtis (repdist MCL bins)",0.0388248940448368,0.676,0.16
23,"4.1.2","2.4.1",0.01,"Bray-Curtis (MMseqs2 bins)",0.0467548272463752,0.77,0.291
23,"4.1.2","2.4.1",0.01,"Bray-Curtis (protein)",0.0473391727542904,0.77,0.334
23,"4.1.2","2.4.1",0.01,"Bray-Curtis (MMseqs2 30% bins)",0.0427792709967101,0.855,0.201
23,"4.1.2","2.4.1",0.02,"MMD",0.104592147251985,0.001,0.653
23,"4.1.2","2.4.1",0.02,"Bray-Curtis (repdist MCL bins)",0.0429162550106434,0.55,0.278
23,"4.1.2","2.4.1",0.02,"Bray-Curtis (MMseqs2 bins)",0.046862751239858,0.799,0.428
23,"4.1.2","2.4.1",0.02,"Bray-Curtis (protein)",0.0475737495644494,0.776,0.447
23,"4.1.2","2.4.1",0.02,"Bray-Curtis (MMseqs2 30% bins)",0.0458614929308784,0.626,0.301
23,"4.1.2","2.4.1",0.05,"MMD",0.176144647387361,0.001,0.832
23,"4.1.2","2.4.1",0.05,"Bray-Curtis (repdist MCL bins)",0.0446376528439403,0.489,0.273
23,"4.1.2","2.4.1",0.05,"Bray-Curtis (MMseqs2 bins)",0.0473065621516993,0.741,0.383
23,"4.1.2","2.4.1",0.05,"Bray-Curtis (protein)",0.0485251790685773,0.642,0.409
23,"4.1.2","2.4.1",0.05,"Bray-Curtis (MMseqs2 30% bins)",0.0448090813802393,0.727,0.319
23,"4.1.2","2.4.1",0.1,"MMD",0.186558387921567,0.001,0.596
23,"4.1.2","2.4.1",0.1,"Bray-Curtis (repdist MCL bins)",0.0506712538423529,0.383,0.238
23,"4.1.2","2.4.1",0.1,"Bray-Curtis (MMseqs2 bins)",0.0459235974773933,0.993,0.323
23,"4.1.2","2.4.1",0.1,"Bray-Curtis (protein)",0.0469140932637046,0.987,0.336
23,"4.1.2","2.4.1",0.1,"Bray-Curtis (MMseqs2 30% bins)",0.0448216957974071,0.905,0.264
24,"1.14.13","5.1.1",0,"MMD",0.0535547605733578,0.405,0.805
24,"1.14.13","5.1.1",0,"Bray-Curtis (repdist MCL bins)",0.0456794165554909,0.438,0.474
24,"1.14.13","5.1.1",0,"Bray-Curtis (MMseqs2 bins)",0.0505226702287844,0.414,0.527
24,"1.14.13","5.1.1",0,"Bray-Curtis (protein)",0.0504915870353797,0.425,0.532
24,"1.14.13","5.1.1",0,"Bray-Curtis (MMseqs2 30% bins)",0.0487533213481671,0.43,0.494
24,"1.14.13","5.1.1",0.01,"MMD",0.079340014902032,0.005,0.924
24,"1.14.13","5.1.1",0.01,"Bray-Curtis (repdist MCL bins)",0.0473585990483998,0.401,0.488
24,"1.14.13","5.1.1",0.01,"Bray-Curtis (MMseqs2 bins)",0.0490795719642507,0.477,0.462
24,"1.14.13","5.1.1",0.01,"Bray-Curtis (protein)",0.0495981134881422,0.464,0.456
24,"1.14.13","5.1.1",0.01,"Bray-Curtis (MMseqs2 30% bins)",0.0484041594385693,0.438,0.47
24,"1.14.13","5.1.1",0.02,"MMD",0.13129161175135,0.001,0.845
24,"1.14.13","5.1.1",0.02,"Bray-Curtis (repdist MCL bins)",0.0530239288697676,0.324,0.516
24,"1.14.13","5.1.1",0.02,"Bray-Curtis (MMseqs2 bins)",0.0508119211779257,0.397,0.46
24,"1.14.13","5.1.1",0.02,"Bray-Curtis (protein)",0.0511578349223304,0.398,0.467
24,"1.14.13","5.1.1",0.02,"Bray-Curtis (MMseqs2 30% bins)",0.0506546160330426,0.379,0.471
24,"1.14.13","5.1.1",0.05,"MMD",0.169401858738587,0.001,0.388
24,"1.14.13","5.1.1",0.05,"Bray-Curtis (repdist MCL bins)",0.061687025676038,0.207,0.56
24,"1.14.13","5.1.1",0.05,"Bray-Curtis (MMseqs2 bins)",0.04796465263119,0.643,0.584
24,"1.14.13","5.1.1",0.05,"Bray-Curtis (protein)",0.0489384607768781,0.581,0.571
24,"1.14.13","5.1.1",0.05,"Bray-Curtis (MMseqs2 30% bins)",0.0518631561305601,0.357,0.59
24,"1.14.13","5.1.1",0.1,"MMD",0.192648075689702,0.001,0.115
24,"1.14.13","5.1.1",0.1,"Bray-Curtis (repdist MCL bins)",0.0779115055594367,0.083,0.304
24,"1.14.13","5.1.1",0.1,"Bray-Curtis (MMseqs2 bins)",0.0485528134724258,0.644,0.041
24,"1.14.13","5.1.1",0.1,"Bray-Curtis (protein)",0.0486186307333155,0.678,0.035
24,"1.14.13","5.1.1",0.1,"Bray-Curtis (MMseqs2 30% bins)",0.0553490366186687,0.276,0.126
25,"1.14.14","1.3.1",0,"MMD",0.0432356179603765,0.884,0.46
25,"1.14.14","1.3.1",0,"Bray-Curtis (repdist MCL bins)",0.0607443545106881,0.235,0.3
25,"1.14.14","1.3.1",0,"Bray-Curtis (MMseqs2 bins)",0.055954270140692,0.237,0.532
25,"1.14.14","1.3.1",0,"Bray-Curtis (protein)",0.0555573743691748,0.24,0.599
25,"1.14.14","1.3.1",0,"Bray-Curtis (MMseqs2 30% bins)",0.0579523749445413,0.23,0.406
25,"1.14.14","1.3.1",0.01,"MMD",0.0671792397858129,0.068,0.858
25,"1.14.14","1.3.1",0.01,"Bray-Curtis (repdist MCL bins)",0.0588416878289397,0.242,0.275
25,"1.14.14","1.3.1",0.01,"Bray-Curtis (MMseqs2 bins)",0.0537968438930497,0.295,0.673
25,"1.14.14","1.3.1",0.01,"Bray-Curtis (protein)",0.054412620777914,0.266,0.729
25,"1.14.14","1.3.1",0.01,"Bray-Curtis (MMseqs2 30% bins)",0.0559921524490258,0.251,0.48
25,"1.14.14","1.3.1",0.02,"MMD",0.109152135503826,0.001,0.746
25,"1.14.14","1.3.1",0.02,"Bray-Curtis (repdist MCL bins)",0.0624471924179032,0.207,0.21
25,"1.14.14","1.3.1",0.02,"Bray-Curtis (MMseqs2 bins)",0.055430358203761,0.241,0.574
25,"1.14.14","1.3.1",0.02,"Bray-Curtis (protein)",0.0556324930002373,0.232,0.621
25,"1.14.14","1.3.1",0.02,"Bray-Curtis (MMseqs2 30% bins)",0.058775166004972,0.211,0.361
25,"1.14.14","1.3.1",0.05,"MMD",0.154695994314119,0.001,0.028
25,"1.14.14","1.3.1",0.05,"Bray-Curtis (repdist MCL bins)",0.0851918704597884,0.084,0.149
25,"1.14.14","1.3.1",0.05,"Bray-Curtis (MMseqs2 bins)",0.0575555533960485,0.191,0.607
25,"1.14.14","1.3.1",0.05,"Bray-Curtis (protein)",0.0570920160068008,0.191,0.693
25,"1.14.14","1.3.1",0.05,"Bray-Curtis (MMseqs2 30% bins)",0.0658936837044956,0.123,0.387
25,"1.14.14","1.3.1",0.1,"MMD",0.167199077877452,0.001,0.498
25,"1.14.14","1.3.1",0.1,"Bray-Curtis (repdist MCL bins)",0.0941974874826814,0.037,0.454
25,"1.14.14","1.3.1",0.1,"Bray-Curtis (MMseqs2 bins)",0.0549467466132336,0.238,0.84
25,"1.14.14","1.3.1",0.1,"Bray-Curtis (protein)",0.0543413000102807,0.26,0.765
25,"1.14.14","1.3.1",0.1,"Bray-Curtis (MMseqs2 30% bins)",0.0680154771470465,0.092,0.975
26,"3.5.4","7.2.2",0,"MMD",0.0582756421397813,0.176,0.552
26,"3.5.4","7.2.2",0,"Bray-Curtis (repdist MCL bins)",0.0490566758512882,0.409,0.687
26,"3.5.4","7.2.2",0,"Bray-Curtis (MMseqs2 bins)",0.0524694908421257,0.353,0.943
26,"3.5.4","7.2.2",0,"Bray-Curtis (protein)",0.0525900687407043,0.349,0.991
26,"3.5.4","7.2.2",0,"Bray-Curtis (MMseqs2 30% bins)",0.0513938082265566,0.383,0.768
26,"3.5.4","7.2.2",0.01,"MMD",0.0911497934981603,0.001,0.983
26,"3.5.4","7.2.2",0.01,"Bray-Curtis (repdist MCL bins)",0.0520987562103969,0.345,0.684
26,"3.5.4","7.2.2",0.01,"Bray-Curtis (MMseqs2 bins)",0.0504898098115244,0.485,0.815
26,"3.5.4","7.2.2",0.01,"Bray-Curtis (protein)",0.0503169315169812,0.533,0.836
26,"3.5.4","7.2.2",0.01,"Bray-Curtis (MMseqs2 30% bins)",0.0505932626680269,0.42,0.766
26,"3.5.4","7.2.2",0.02,"MMD",0.141425656252594,0.001,0.418
26,"3.5.4","7.2.2",0.02,"Bray-Curtis (repdist MCL bins)",0.0572356675327859,0.271,0.896
26,"3.5.4","7.2.2",0.02,"Bray-Curtis (MMseqs2 bins)",0.0498002148683289,0.594,0.957
26,"3.5.4","7.2.2",0.02,"Bray-Curtis (protein)",0.0495291502661111,0.696,0.944
26,"3.5.4","7.2.2",0.02,"Bray-Curtis (MMseqs2 30% bins)",0.0543189410062563,0.3,0.944
26,"3.5.4","7.2.2",0.05,"MMD",0.2004209064523,0.001,0.293
26,"3.5.4","7.2.2",0.05,"Bray-Curtis (repdist MCL bins)",0.0774095551755544,0.089,0.77
26,"3.5.4","7.2.2",0.05,"Bray-Curtis (MMseqs2 bins)",0.053230763180624,0.311,0.738
26,"3.5.4","7.2.2",0.05,"Bray-Curtis (protein)",0.0541475316238586,0.264,0.672
26,"3.5.4","7.2.2",0.05,"Bray-Curtis (MMseqs2 30% bins)",0.0670971688950852,0.09,0.507
26,"3.5.4","7.2.2",0.1,"MMD",0.225164674031337,0.001,0.477
26,"3.5.4","7.2.2",0.1,"Bray-Curtis (repdist MCL bins)",0.0971414793092805,0.025,0.673
26,"3.5.4","7.2.2",0.1,"Bray-Curtis (MMseqs2 bins)",0.0502776232398141,0.597,0.986
26,"3.5.4","7.2.2",0.1,"Bray-Curtis (protein)",0.0502153885472842,0.636,0.967
26,"3.5.4","7.2.2",0.1,"Bray-Curtis (MMseqs2 30% bins)",0.0752839482212625,0.039,0.493
27,"3.6.1","5.6.2",0,"MMD",0.0469328306815875,0.799,0.018
27,"3.6.1","5.6.2",0,"Bray-Curtis (repdist MCL bins)",0.056492069341337,0.267,0.763
27,"3.6.1","5.6.2",0,"Bray-Curtis (MMseqs2 bins)",0.0531281871618522,0.323,0.385
27,"3.6.1","5.6.2",0,"Bray-Curtis (protein)",0.053226063966464,0.31,0.378
27,"3.6.1","5.6.2",0,"Bray-Curtis (MMseqs2 30% bins)",0.0544558384129071,0.273,0.505
27,"3.6.1","5.6.2",0.01,"MMD",0.0676873381509198,0.006,0.034
27,"3.6.1","5.6.2",0.01,"Bray-Curtis (repdist MCL bins)",0.0555056030870096,0.277,0.753
27,"3.6.1","5.6.2",0.01,"Bray-Curtis (MMseqs2 bins)",0.0516864940240075,0.428,0.463
27,"3.6.1","5.6.2",0.01,"Bray-Curtis (protein)",0.0513823729828363,0.477,0.457
27,"3.6.1","5.6.2",0.01,"Bray-Curtis (MMseqs2 30% bins)",0.053517066875508,0.301,0.495
27,"3.6.1","5.6.2",0.02,"MMD",0.1086961833987,0.001,0.07
27,"3.6.1","5.6.2",0.02,"Bray-Curtis (repdist MCL bins)",0.054952428115223,0.291,0.707
27,"3.6.1","5.6.2",0.02,"Bray-Curtis (MMseqs2 bins)",0.0529944980842734,0.344,0.45
27,"3.6.1","5.6.2",0.02,"Bray-Curtis (protein)",0.052466206478064,0.392,0.448
27,"3.6.1","5.6.2",0.02,"Bray-Curtis (MMseqs2 30% bins)",0.0529715786592107,0.34,0.597
27,"3.6.1","5.6.2",0.05,"MMD",0.131221252631209,0.001,0.154
27,"3.6.1","5.6.2",0.05,"Bray-Curtis (repdist MCL bins)",0.0585148745228258,0.223,0.701
27,"3.6.1","5.6.2",0.05,"Bray-Curtis (MMseqs2 bins)",0.0503075988529218,0.618,0.463
27,"3.6.1","5.6.2",0.05,"Bray-Curtis (protein)",0.0504856313411477,0.626,0.444
27,"3.6.1","5.6.2",0.05,"Bray-Curtis (MMseqs2 30% bins)",0.0549462748706109,0.251,0.493
27,"3.6.1","5.6.2",0.1,"MMD",0.131153509558913,0.001,0.455
27,"3.6.1","5.6.2",0.1,"Bray-Curtis (repdist MCL bins)",0.065272323726115,0.113,0.48
27,"3.6.1","5.6.2",0.1,"Bray-Curtis (MMseqs2 bins)",0.0515103781441968,0.495,0.464
27,"3.6.1","5.6.2",0.1,"Bray-Curtis (protein)",0.0516080296755165,0.49,0.45
27,"3.6.1","5.6.2",0.1,"Bray-Curtis (MMseqs2 30% bins)",0.0576455050724963,0.158,0.425
28,"3.1.1","3.1.4",0,"MMD",0.0416400181150665,0.978,0.144
28,"3.1.1","3.1.4",0,"Bray-Curtis (repdist MCL bins)",0.0391576468850519,0.684,0.357
28,"3.1.1","3.1.4",0,"Bray-Curtis (MMseqs2 bins)",0.0480217733515247,0.663,0.457
28,"3.1.1","3.1.4",0,"Bray-Curtis (protein)",0.0484732669769326,0.664,0.455
28,"3.1.1","3.1.4",0,"Bray-Curtis (MMseqs2 30% bins)",0.0454231283877994,0.648,0.359
28,"3.1.1","3.1.4",0.01,"MMD",0.0644610852241299,0.066,0.401
28,"3.1.1","3.1.4",0.01,"Bray-Curtis (repdist MCL bins)",0.0433189614705756,0.529,0.333
28,"3.1.1","3.1.4",0.01,"Bray-Curtis (MMseqs2 bins)",0.0492902560855251,0.559,0.33
28,"3.1.1","3.1.4",0.01,"Bray-Curtis (protein)",0.0499250243908108,0.521,0.328
28,"3.1.1","3.1.4",0.01,"Bray-Curtis (MMseqs2 30% bins)",0.0472191346793746,0.554,0.334
28,"3.1.1","3.1.4",0.02,"MMD",0.100964970766272,0.001,0.657
28,"3.1.1","3.1.4",0.02,"Bray-Curtis (repdist MCL bins)",0.0458281269479175,0.462,0.268
28,"3.1.1","3.1.4",0.02,"Bray-Curtis (MMseqs2 bins)",0.0495333477636908,0.511,0.277
28,"3.1.1","3.1.4",0.02,"Bray-Curtis (protein)",0.050660826613074,0.435,0.287
28,"3.1.1","3.1.4",0.02,"Bray-Curtis (MMseqs2 30% bins)",0.0479956491731198,0.503,0.279
28,"3.1.1","3.1.4",0.05,"MMD",0.109581400156854,0.001,0.05
28,"3.1.1","3.1.4",0.05,"Bray-Curtis (repdist MCL bins)",0.0466860505904568,0.455,0.195
28,"3.1.1","3.1.4",0.05,"Bray-Curtis (MMseqs2 bins)",0.0469080084111055,0.866,0.204
28,"3.1.1","3.1.4",0.05,"Bray-Curtis (protein)",0.0476540354694514,0.825,0.219
28,"3.1.1","3.1.4",0.05,"Bray-Curtis (MMseqs2 30% bins)",0.0458378750079542,0.708,0.233
28,"3.1.1","3.1.4",0.1,"MMD",0.117927623187906,0.001,0.619
28,"3.1.1","3.1.4",0.1,"Bray-Curtis (repdist MCL bins)",0.0557606919882921,0.27,0.325
28,"3.1.1","3.1.4",0.1,"Bray-Curtis (MMseqs2 bins)",0.0494853715040883,0.611,0.44
28,"3.1.1","3.1.4",0.1,"Bray-Curtis (protein)",0.0496195495411363,0.639,0.439
28,"3.1.1","3.1.4",0.1,"Bray-Curtis (MMseqs2 30% bins)",0.0483031213596154,0.577,0.397
